﻿<?xml version="1.0" encoding="UTF-8"?>
<rss>
    <schedule>
        <item>
            <id>1</id>
            <name>Special workshop</name>
            <loc>Dance Stage, 22A Pestalozzi str.</loc>
            <time>1393534800 </time>
            <type>party</type>
            <endTime>1393538400</endTime>
        </item>                
        <item>
            <id>2</id>
            <name>Pre-Party: SAF DJ’s reunion</name>
            <loc>at Dance Stage, 22A Pestalozzi str.</loc>
            <time>1393538400</time>
            <type>party</type>
            <endTime>1393560000</endTime>
            <details>entry fee: 8 euro with workshop / 5 euro after workshop</details>
        </item>
        <item>
            <id>3</id>
            <name>Registration, pick up of passes</name>
            <loc>SAF’s Festival desk at NH Hotel</loc>
            <time>1393603200</time>
            <endTime>1393614000</endTime>
            <type>other</type>
        </item>            
        <item>
            <id>4</id>
            <name>Doors Opened for Warm Up Party</name>
            <loc>at Dance Stage, 22A Pestalozzi str.</loc>
            <time>1393623000</time>
            <endTime>1393626600</endTime>
            <type>party</type>
            <details>1 night* entry: 25 euro with shows (15 euro after the shows) * valid in the night of buying for those who don`t have any pass</details>
        </item>            
        <item>
            <id>5</id>
            <name>Show Time!</name>
            <loc>at Dance Stage, 22A Pestalozzi str.</loc>
            <time>1393626600</time>
            <endTime>1393630200</endTime>
            <type>shows</type>
        </item>            
        <item>
            <id>6</id>
            <name>Friday Night Party!</name>
            <loc>at Dance Stage, 22A Pestalozzi str.</loc>
            <time>1393630200</time>
            <endTime>1393653600</endTime>
            <type>party</type>
            <details>Dress code: Jacket and colorfull Bow Tie</details>
        </item>            
        <item>
            <id>7</id>
            <name>After Party</name>
            <loc>at Dance Stage, 22A Pestalozzi str.</loc>
            <time>1393567200</time>
            <type>party</type>
            <details>same place, same people but in a different ambiance</details>
        </item>
        <item>
            <id>8</id>
            <name>Registration opened for passes pick up at SAF’s desk</name>
            <loc>SAF's Festival desk at Dance Stage</loc>
            <time>1393671600</time>
            <endTime>1393693200</endTime>
            <type>other</type>
            <details>Marketplace OPENED</details>
        </item>
        <item>
            <id>9</id>
            <name>Workshops with your favorite Artists</name>
            <loc>at Dance Stage, 22A Pestalozzi str.</loc>
            <time>1393675200</time>
            <endTime>1393693200</endTime>
            <type>workshops</type>
        </item>        
        <item>
            <id>10</id>
            <name>Doors Opened for Warm Up Party</name>
            <loc>at Dance Stage, 22A Pestalozzi str.</loc>
            <time>1393709400</time>
            <endTime>1393713000</endTime>
            <type>party</type>
            <details>1 night* entry: 30 euro with shows (20 euro after the shows) * valid in the night of buying for those who don`t have any pass</details>
        </item>            
        <item>
            <id>11</id>
            <name>Show Time!</name>
            <loc>at Dance Stage, 22A Pestalozzi str.</loc>
            <time>1393713000</time>
            <endTime>1393716600</endTime>
            <type>shows</type>
        </item>
        <item>
            <id>12</id>
            <name>Saturday Night Party!</name>
            <loc>at Dance Stage, 22A Pestalozzi str.</loc>
            <time>1393716600</time>
            <endTime>1393736400</endTime>
            <type>party</type>
            <details>Glamor  Night – Red and White (recommended)</details>
        </item>
        <item>
            <id>13</id>
            <name>After Party</name>
            <loc>at Dance Stage, 22A Pestalozzi str.</loc>
            <time>1393736400</time>
            <endTime>1393743600</endTime>
            <type>party</type>
            <details>same place, same people but in a different ambiance</details>
        </item>            
        <item>
            <id>14</id>
            <name>Registration opened for passes pick up at SAF’s desk</name>
            <loc>SAF's Festival desk at Dance Stage</loc>
            <time>1393761600</time>
            <type>other</type>
        </item>
        <item>
            <id>15</id>
            <name>Workshops with your favorite Artists</name>
            <loc>at Dance Stage, 22A Pestalozzi str.</loc>
            <time>1393761600</time>
            <endTime>1393779600</endTime>
            <type>workshops</type>
        </item>
        <item>
            <id>16</id>
            <name>Eddie Torres about Musicality, Teaching, Choreography</name>
            <loc>at Dance Stage, 22A Pestalozzi str.</loc>
            <time>1393783200</time>
            <type>workshops</type>
            <details>entry fee: 10 euro</details>
        </item>
        <item>
            <id>17</id>
            <name>Doors Opened for a night to remember</name>
            <loc>at Dance Stage, 22A Pestalozzi str.</loc>
            <time>1393795800</time>
            <endTime>1393803000</endTime>
            <type>other</type>
            <details>1 night* entry: 10 euro* valid in the night of buying for those who don`t have any pass</details>
        </item>
        <item>
            <id>18</id>
            <name>Surprise shows</name>
            <loc>at Dance Stage, 22A Pestalozzi str.</loc>
            <time>1393803000</time>
            <endTime>1393806600</endTime>
            <type>party</type>
        </item>
        <item>
            <id>19</id>
            <name>Sunday Night Party</name>
            <loc>at Dance Stage, 22A Pestalozzi str.</loc>
            <time>1393806600</time>
            <endTime>1393822800</endTime>
            <type>party</type>
            <details>Dress Code: MIX but NOT match! (recommended)</details>
        </item>
        <item>
            <id>20</id>
            <name>After Party</name>
            <loc>at Dance Stage, 22A Pestalozzi str.</loc>
            <time>1393822800</time>
            <endTime>1393831800</endTime>
            <type>party</type>
            <details>same place, same people but in a different ambiance</details>
        </item>
    </schedule>
</rss>